{"max": 1.108189242226737, "max_step": 0, "min": 0.11180848202535085, "min_step": 16, "num": 20}