{"max": 97.16981132075472, "max_step": 16, "min": 75.47169811320755, "min_step": 1, "num": 20}