{"max": 1.3145069766927648, "max_step": 0, "min": 0.013098813602010961, "min_step": 18, "num": 20}